model,ViPr,ViPr_adj,ViPr_abs,ViPr_abs_adj,ViPr+,ViPr_adj+,DV,DT,DV+,DV_adj,DV_adj+,ViPr_prime,ViPr_prime_adj,ViPr_prime+,ViPr_prime_adj+
google/paligemma-3b-ft-ocrvqa-224,-0.3783122213813624,2.71830496986029,7.219875756471922,2.720037859333994,21.140829154974206,1.4765586265614328,-0.7844396829605103,0.0690467357635498,0.07101508975028992,-0.029195040464401245,0.23199501633644104,-11.360995915097565,-0.4228301329751418,1.0285075603498584,3.359970804860447
google/paligemma-3b-ft-ocrvqa-448,11.079822884637839,-4.848776567065186,12.000313114976603,8.250408803210162,17.83509190270763,40.331297565271775,-0.6313642859458923,-0.16016504168510437,0.10512492060661316,0.012532413005828857,0.3568977117538452,3.941960613272892,-0.07824686881715709,-0.6563537180185429,-2.2283121709887914
google/paligemma-3b-mix-224,-2.0733968606538036,-0.7117156596035875,3.038356584288802,2.2530726222356403,27.11017408575774,288.1389987709341,-0.4577367603778839,0.15787985920906067,0.1355379819869995,0.45619288086891174,0.7436512112617493,-2.8992726663871675,2.8894938414204705,0.8584881103011589,4.710234826578002
google/paligemma-3b-mix-448,-1.624894728969649,0.22401966506466056,3.2105997252569796,0.8290698234591615,0.14617476664432333,239.80297654615737,-1.6007991433143616,-0.3621499240398407,0.08721882104873657,0.12954095005989075,0.5614969432353973,4.420266406402049,-0.3576997852570024,-0.24083622626727788,-1.5504544001329852
google/paligemma-3b-pt-224,3.6237095580293337,1.414996372969411,8.534553069176901,1.8913730222784675,67.38059141736716,0.7847212307152032,-0.9810234010219574,0.15930110216140747,0.14387807250022888,-0.024031639099121094,0.26311758160591125,-6.1582963815778395,-0.15085670326857936,0.9031831578569266,1.6516996934479122
google/paligemma-3b-pt-448,2.079382613177629,-1.1359392389682694,4.222389093609371,2.832254116259993,11.103449258216948,94.89174115195512,-0.8322083652019501,0.013469904661178589,0.022374093532562256,0.19128137826919556,0.35046276450157166,-61.78279550860114,14.200648265943913,1.6610431992919963,26.018206759223407
